page,productName
https://www.ricardo.ch/de/c/kleidung-und-accessoires-40748/,Sac CELINE Phantom
https://www.ricardo.ch/de/c/kleidung-und-accessoires-40748/,Highwaist Jeans mit Schnürung
https://www.ricardo.ch/de/c/kleidung-und-accessoires-40748/,5 Paar Super Trendige High Heels
https://www.ricardo.ch/de/c/kleidung-und-accessoires-40748/,Lagenlook Strickjacke von Sulu
https://www.ricardo.ch/de/c/kleidung-und-accessoires-40748/,Furla Portemonnaie
https://www.ricardo.ch/de/c/kleidung-und-accessoires-40748/,Schöne Übergangsjacke Gr. M/L
https://www.ricardo.ch/de/c/kleidung-und-accessoires-40748/,Timbukt2 / Timbuktu Tasche
https://www.ricardo.ch/de/c/kleidung-und-accessoires-40748/,10x Geflochten Blumen Stirnbänder
https://www.ricardo.ch/de/c/kleidung-und-accessoires-40748/,❤Organizer für Neverfull MMSpeedy 30 ❤♠❤
https://www.ricardo.ch/de/c/kleidung-und-accessoires-40748/,Lacoste Damenschuhe Grösse 38 1/2
https://www.ricardo.ch/de/c/kleidung-und-accessoires-40748/,GUESS Hose mit schönen Details Gr. 40
https://www.ricardo.ch/de/c/kleidung-und-accessoires-40748/,PORTEMONAIE
https://www.ricardo.ch/de/c/kleidung-und-accessoires-40748/,G-Star
https://www.ricardo.ch/de/c/kleidung-und-accessoires-40748/,Pepe Jeand xxs ( wie XS)Bluse+Geschenk
https://www.ricardo.ch/de/c/kleidung-und-accessoires-40748/,"Kleid, comma, Gr.34"
https://www.ricardo.ch/de/c/kleidung-und-accessoires-40748/,"Sherpa Regenjacke, neu"
https://www.ricardo.ch/de/c/kleidung-und-accessoires-40748/,Palace Handle Tee
https://www.ricardo.ch/de/c/kleidung-und-accessoires-40748/,"Ungetragene, schwarze Stiefeletten,Gr.37"
https://www.ricardo.ch/de/c/kleidung-und-accessoires-40748/,Supreme Chest Stripe Terry Tee
https://www.ricardo.ch/de/c/kleidung-und-accessoires-40748/,Supreme NY Longsleeve
https://www.ricardo.ch/de/c/kleidung-und-accessoires-40748/,"Schöner, leichter Esprit Pullover"
https://www.ricardo.ch/de/c/kleidung-und-accessoires-40748/,Furla Tasche rose neu mit Etikett
https://www.ricardo.ch/de/c/kleidung-und-accessoires-40748/,"Schöner, weisser Kurzblazer, Gr.XS"
https://www.ricardo.ch/de/c/kleidung-und-accessoires-40748/,"Schwarze Stiefeletten, Gr.37"
https://www.ricardo.ch/de/c/kleidung-und-accessoires-40748/,"Spitzentop, klein geschnitten, Gr.34"
https://www.ricardo.ch/de/c/kleidung-und-accessoires-40748/,Hunter Gummistiefel Gr.43 NEU
https://www.ricardo.ch/de/c/kleidung-und-accessoires-40748/,Portmonnee
https://www.ricardo.ch/de/c/kleidung-und-accessoires-40748/,"Damen Jacke ""bomber style"" + Bluse"
https://www.ricardo.ch/de/c/kleidung-und-accessoires-40748/,Lena Hoschek Rock mint macaron
https://www.ricardo.ch/de/c/kleidung-und-accessoires-40748/,"Pumps, Grau, Gr.37, S.Oliver"
https://www.ricardo.ch/de/c/kleidung-und-accessoires-40748/,H&M Rock Blumen rosa pink
https://www.ricardo.ch/de/c/kleidung-und-accessoires-40748/,BikBok Rock Pfirsich M
https://www.ricardo.ch/de/c/kleidung-und-accessoires-40748/,FREITAG F58 MIRANDA PORTEMONNAIE
https://www.ricardo.ch/de/c/kleidung-und-accessoires-40748/,Tamaris Handtasche
https://www.ricardo.ch/de/c/kleidung-und-accessoires-40748/,"M.O.D Jeanshose, Graublau, W34 L32"
https://www.ricardo.ch/de/c/kleidung-und-accessoires-40748/,Kleiderpaket Gr. 54
https://www.ricardo.ch/de/c/kleidung-und-accessoires-40748/,Chaussure Nike Cortez
https://www.ricardo.ch/de/c/kleidung-und-accessoires-40748/,Leinen-Top von 120 % Lino XS
https://www.ricardo.ch/de/c/kleidung-und-accessoires-40748/,Lederkunsthandwerk aus Romainmôtier
https://www.ricardo.ch/de/c/kleidung-und-accessoires-40748/,BOGNER Übergangsjacke Damen
https://www.ricardo.ch/de/c/kleidung-und-accessoires-40748/,JetLag kurze Hose
https://www.ricardo.ch/de/c/kleidung-und-accessoires-40748/,Alberto Hose Chino
https://www.ricardo.ch/de/c/kleidung-und-accessoires-40748/,Closed Hose
https://www.ricardo.ch/de/c/kleidung-und-accessoires-40748/,* Wunderschöne Gabor Pumps - 38 *
https://www.ricardo.ch/de/c/kleidung-und-accessoires-40748/,Alberto kurze Hose
https://www.ricardo.ch/de/c/kleidung-und-accessoires-40748/,2x kurze Hosen von Marco Polo
https://www.ricardo.ch/de/c/kleidung-und-accessoires-40748/,Damen Mantel 38 ungetragen
https://www.ricardo.ch/de/c/kleidung-und-accessoires-40748/,Louis Vuitton Cosmetique Tasche ❤♠❤
https://www.ricardo.ch/de/c/kleidung-und-accessoires-40748/,Mini Jeansrock Morgan
https://www.ricardo.ch/de/c/kleidung-und-accessoires-40748/,Daunenmantel dunkelblau von Mazine
https://www.ricardo.ch/de/c/kleidung-und-accessoires-40748/,ROVERS Sandalen
https://www.ricardo.ch/de/c/kleidung-und-accessoires-40748/,SWDIJACKE GR.M
https://www.ricardo.ch/de/c/kleidung-und-accessoires-40748/,Schöner Strickmantel kuschelweich Gr. L
https://www.ricardo.ch/de/c/kleidung-und-accessoires-40748/,"XL-XXL, Feincordkleid in Schwarz"
https://www.ricardo.ch/de/c/kleidung-und-accessoires-40748/,Still-Shirt Grösse S in fröhlichem Pink
https://www.ricardo.ch/de/c/kleidung-und-accessoires-40748/,T-shirt Trasher taille S
https://www.ricardo.ch/de/c/kleidung-und-accessoires-40748/,"Felmini, schöne Stiefeletten echt Leder"
https://www.ricardo.ch/de/c/kleidung-und-accessoires-40748/,oranger Kapuzenpulli Grösse XS
https://www.ricardo.ch/de/c/kleidung-und-accessoires-40748/,"Schmucktruhe, Schmuckböxli, Holz"
https://www.ricardo.ch/de/c/kleidung-und-accessoires-40748/,Damen Tasche neuwertig
